state_id,year,lemp,mw_treat,treat_year,gvar,lpop,lincome,ever_treated
1,2000,9.4956,0,2007.0,2007,13.8469,10.8634,1
1,2001,9.6056,0,2007.0,2007,13.8879,10.8595,1
1,2002,9.683,0,2007.0,2007,13.8921,10.8134,1
1,2003,9.5484,0,2007.0,2007,13.9534,10.9163,1
1,2004,9.9895,0,2007.0,2007,13.935,10.9097,1
1,2005,9.7622,0,2007.0,2007,13.9478,10.9495,1
1,2006,9.6766,0,2007.0,2007,13.9135,10.9495,1
1,2007,9.6779,1,2007.0,2007,13.915,10.9374,1
1,2008,9.8937,1,2007.0,2007,13.9835,10.8846,1
1,2009,9.891,1,2007.0,2007,13.9624,10.921,1
1,2010,9.8348,1,2007.0,2007,13.9327,10.9878,1
1,2011,9.8954,1,2007.0,2007,14.0864,11.0195,1
1,2012,9.931,1,2007.0,2007,13.9561,11.0432,1
1,2013,9.9402,1,2007.0,2007,14.0245,11.0588,1
1,2014,10.0937,1,2007.0,2007,13.9855,11.013,1
1,2015,10.186,1,2007.0,2007,13.9562,11.0908,1
1,2016,10.0647,1,2007.0,2007,13.9533,11.0498,1
1,2017,10.1077,1,2007.0,2007,14.0614,11.1151,1
1,2018,10.0611,1,2007.0,2007,13.8872,11.0581,1
1,2019,10.2026,1,2007.0,2007,14.1409,11.0569,1
2,2000,10.0469,0,,0,13.6577,11.0332,0
2,2001,9.9988,0,,0,13.5466,11.1241,0
2,2002,10.1181,0,,0,13.6092,11.1052,0
2,2003,9.9694,0,,0,13.695,11.0861,0
2,2004,10.0587,0,,0,13.6181,11.1741,0
2,2005,10.179,0,,0,13.6253,11.1459,0
2,2006,10.1854,0,,0,13.6635,11.1529,0
2,2007,10.1015,0,,0,13.6963,11.2208,0
2,2008,10.1918,0,,0,13.703,11.235,0
2,2009,10.1976,0,,0,13.7396,11.2019,0
2,2010,10.3044,0,,0,13.6748,11.2845,0
2,2011,10.2317,0,,0,13.761,11.2564,0
2,2012,10.3124,0,,0,13.7219,11.2654,0
2,2013,10.1656,0,,0,13.6748,11.3693,0
2,2014,10.3656,0,,0,13.7836,11.3323,0
2,2015,10.2702,0,,0,13.7351,11.2797,0
2,2016,10.3006,0,,0,13.7944,11.3247,0
2,2017,10.3659,0,,0,13.7763,11.323,0
2,2018,10.392,0,,0,13.7779,11.3403,0
2,2019,10.3714,0,,0,13.7033,11.3193,0
3,2000,8.8614,0,2013.0,2013,13.4577,10.6484,1
3,2001,8.8535,0,2013.0,2013,13.4512,10.5643,1
3,2002,9.03,0,2013.0,2013,13.4783,10.5863,1
3,2003,8.8987,0,2013.0,2013,13.4667,10.6505,1
3,2004,8.8771,0,2013.0,2013,13.4934,10.6499,1
3,2005,9.0628,0,2013.0,2013,13.4934,10.6843,1
3,2006,9.0091,0,2013.0,2013,13.6098,10.6487,1
3,2007,8.9323,0,2013.0,2013,13.6217,10.6621,1
3,2008,9.0139,0,2013.0,2013,13.416,10.6884,1
3,2009,9.0099,0,2013.0,2013,13.5493,10.7994,1
3,2010,9.1771,0,2013.0,2013,13.4973,10.7591,1
3,2011,9.1511,0,2013.0,2013,13.6111,10.7356,1
3,2012,9.0172,0,2013.0,2013,13.5564,10.8189,1
3,2013,9.1878,1,2013.0,2013,13.5724,10.7863,1
3,2014,9.2196,1,2013.0,2013,13.5288,10.7937,1
3,2015,9.2765,1,2013.0,2013,13.6278,10.7694,1
3,2016,9.2743,1,2013.0,2013,13.6188,10.7994,1
3,2017,9.4446,1,2013.0,2013,13.6711,10.8471,1
3,2018,9.4144,1,2013.0,2013,13.6097,10.8982,1
3,2019,9.2015,1,2013.0,2013,13.5839,10.9018,1
4,2000,9.6259,0,2010.0,2010,13.2903,10.6201,1
4,2001,9.516,0,2010.0,2010,13.4346,10.7197,1
4,2002,9.6189,0,2010.0,2010,13.2843,10.7295,1
4,2003,9.6613,0,2010.0,2010,13.2761,10.7431,1
4,2004,9.5588,0,2010.0,2010,13.4078,10.7241,1
4,2005,9.6945,0,2010.0,2010,13.3963,10.8149,1
4,2006,9.6089,0,2010.0,2010,13.3829,10.76,1
4,2007,9.756,0,2010.0,2010,13.3918,10.7588,1
4,2008,9.7139,0,2010.0,2010,13.3945,10.8303,1
4,2009,9.6972,0,2010.0,2010,13.4702,10.867,1
4,2010,9.8929,1,2010.0,2010,13.4357,10.7596,1
4,2011,9.8823,1,2010.0,2010,13.5417,10.8567,1
4,2012,9.7989,1,2010.0,2010,13.6234,10.9265,1
4,2013,9.7809,1,2010.0,2010,13.3991,10.9048,1
4,2014,10.0461,1,2010.0,2010,13.4571,10.8684,1
4,2015,9.9065,1,2010.0,2010,13.499,10.9859,1
4,2016,9.9699,1,2010.0,2010,13.5856,10.9633,1
4,2017,10.2091,1,2010.0,2010,13.4757,10.9014,1
4,2018,10.0179,1,2010.0,2010,13.4595,10.9942,1
4,2019,10.0363,1,2010.0,2010,13.5098,10.9521,1
5,2000,9.5266,0,2004.0,2004,12.7743,10.6804,1
5,2001,9.5558,0,2004.0,2004,12.7419,10.7276,1
5,2002,9.654,0,2004.0,2004,12.7857,10.7424,1
5,2003,9.5043,0,2004.0,2004,12.7576,10.7502,1
5,2004,9.6868,1,2004.0,2004,12.7194,10.7443,1
5,2005,9.6968,1,2004.0,2004,12.8427,10.6909,1
5,2006,9.788,1,2004.0,2004,12.7881,10.7743,1
5,2007,9.8033,1,2004.0,2004,12.8811,10.7643,1
5,2008,9.8048,1,2004.0,2004,12.8672,10.86,1
5,2009,9.9181,1,2004.0,2004,12.8796,10.8092,1
5,2010,10.0437,1,2004.0,2004,12.8651,10.8261,1
5,2011,9.9966,1,2004.0,2004,12.8876,10.8309,1
5,2012,10.2538,1,2004.0,2004,12.9005,10.8455,1
5,2013,10.1143,1,2004.0,2004,12.9343,10.8643,1
5,2014,10.0984,1,2004.0,2004,12.7988,10.852,1
5,2015,10.194,1,2004.0,2004,12.9117,10.9744,1
5,2016,10.3123,1,2004.0,2004,12.9622,10.8339,1
5,2017,10.2605,1,2004.0,2004,12.8568,10.9831,1
5,2018,10.3514,1,2004.0,2004,12.9724,11.0432,1
5,2019,10.3171,1,2004.0,2004,12.9278,10.9334,1
6,2000,9.849,0,2004.0,2004,13.1437,10.3418,1
6,2001,9.749,0,2004.0,2004,13.202,10.3555,1
6,2002,9.7941,0,2004.0,2004,13.1379,10.406,1
6,2003,10.0311,0,2004.0,2004,13.2136,10.4602,1
6,2004,10.0468,1,2004.0,2004,13.1414,10.3712,1
6,2005,9.9193,1,2004.0,2004,13.2228,10.4337,1
6,2006,10.105,1,2004.0,2004,13.3224,10.4561,1
6,2007,10.1076,1,2004.0,2004,13.2341,10.4749,1
6,2008,10.1177,1,2004.0,2004,13.3142,10.5348,1
6,2009,10.2564,1,2004.0,2004,13.1806,10.4909,1
6,2010,10.1714,1,2004.0,2004,13.1555,10.5721,1
6,2011,10.2721,1,2004.0,2004,13.1995,10.4598,1
6,2012,10.4175,1,2004.0,2004,13.1956,10.4891,1
6,2013,10.305,1,2004.0,2004,13.2571,10.4958,1
6,2014,10.4238,1,2004.0,2004,13.1452,10.5688,1
6,2015,10.3198,1,2004.0,2004,13.3825,10.631,1
6,2016,10.4531,1,2004.0,2004,13.4287,10.6033,1
6,2017,10.4405,1,2004.0,2004,13.32,10.6102,1
6,2018,10.531,1,2004.0,2004,13.3184,10.6092,1
6,2019,10.612,1,2004.0,2004,13.3173,10.7061,1
7,2000,8.9687,0,2004.0,2004,13.332,10.8059,1
7,2001,9.1432,0,2004.0,2004,13.2093,10.8727,1
7,2002,8.9693,0,2004.0,2004,13.3365,10.9697,1
7,2003,9.0978,0,2004.0,2004,13.2735,10.9534,1
7,2004,9.205,1,2004.0,2004,13.2977,10.9338,1
7,2005,9.2239,1,2004.0,2004,13.3016,11.0102,1
7,2006,9.1437,1,2004.0,2004,13.3593,10.9665,1
7,2007,9.3517,1,2004.0,2004,13.3859,10.9864,1
7,2008,9.3366,1,2004.0,2004,13.3145,10.9525,1
7,2009,9.4543,1,2004.0,2004,13.2957,11.094,1
7,2010,9.4223,1,2004.0,2004,13.3802,11.035,1
7,2011,9.4565,1,2004.0,2004,13.3778,11.098,1
7,2012,9.3526,1,2004.0,2004,13.3715,11.0666,1
7,2013,9.5129,1,2004.0,2004,13.3323,11.1136,1
7,2014,9.4922,1,2004.0,2004,13.4106,11.1127,1
7,2015,9.4782,1,2004.0,2004,13.4295,11.0747,1
7,2016,9.731,1,2004.0,2004,13.4811,11.1477,1
7,2017,9.549,1,2004.0,2004,13.523,11.1844,1
7,2018,9.6815,1,2004.0,2004,13.4184,11.1599,1
7,2019,9.6455,1,2004.0,2004,13.469,11.1436,1
8,2000,9.0366,0,,0,13.9824,10.8242,0
8,2001,9.0165,0,,0,13.9911,10.9986,0
8,2002,9.0101,0,,0,14.0056,10.9363,0
8,2003,8.9985,0,,0,14.1866,10.9195,0
8,2004,9.1843,0,,0,14.0668,11.0091,0
8,2005,9.1623,0,,0,14.1139,10.9308,0
8,2006,9.0575,0,,0,14.1197,10.9055,0
8,2007,9.0085,0,,0,14.0948,11.0081,0
8,2008,9.2295,0,,0,14.1276,11.0227,0
8,2009,9.0175,0,,0,14.1603,11.0317,0
8,2010,9.0751,0,,0,14.15,11.0366,0
8,2011,9.2455,0,,0,14.0845,11.0854,0
8,2012,9.1893,0,,0,14.15,11.0595,0
8,2013,9.1984,0,,0,14.1634,11.0548,0
8,2014,9.2054,0,,0,14.1797,11.0692,0
8,2015,9.3165,0,,0,14.1692,11.0857,0
8,2016,9.3683,0,,0,14.2402,11.0589,0
8,2017,9.4142,0,,0,14.2027,11.1759,0
8,2018,9.4392,0,,0,14.3235,11.1338,0
8,2019,9.3209,0,,0,14.2975,11.1424,0
9,2000,9.6273,0,2013.0,2013,13.6046,10.7648,1
9,2001,9.6799,0,2013.0,2013,13.6801,10.8259,1
9,2002,9.8018,0,2013.0,2013,13.741,10.823,1
9,2003,9.8115,0,2013.0,2013,13.6457,10.8618,1
9,2004,9.7335,0,2013.0,2013,13.7263,10.9597,1
9,2005,9.8912,0,2013.0,2013,13.6907,10.8543,1
9,2006,9.8498,0,2013.0,2013,13.8028,10.8687,1
9,2007,9.7316,0,2013.0,2013,13.7142,10.9319,1
9,2008,9.8255,0,2013.0,2013,13.8292,10.9934,1
9,2009,10.0628,0,2013.0,2013,13.7761,10.9499,1
9,2010,9.8227,0,2013.0,2013,13.763,10.9196,1
9,2011,9.9363,0,2013.0,2013,13.7802,11.0383,1
9,2012,9.9568,0,2013.0,2013,13.791,11.0291,1
9,2013,10.1602,1,2013.0,2013,13.7773,11.0383,1
9,2014,10.1283,1,2013.0,2013,13.841,10.9972,1
9,2015,10.1717,1,2013.0,2013,13.8628,11.0468,1
9,2016,10.0942,1,2013.0,2013,13.9009,11.0675,1
9,2017,10.0907,1,2013.0,2013,13.9021,11.0239,1
9,2018,10.1513,1,2013.0,2013,13.8532,11.1227,1
9,2019,10.3587,1,2013.0,2013,13.7938,11.1164,1
10,2000,9.75,0,2013.0,2013,12.6031,10.7384,1
10,2001,9.6659,0,2013.0,2013,12.6237,10.7558,1
10,2002,9.5981,0,2013.0,2013,12.6162,10.7674,1
10,2003,9.5808,0,2013.0,2013,12.6551,10.7466,1
10,2004,9.7248,0,2013.0,2013,12.6305,10.8047,1
10,2005,9.5139,0,2013.0,2013,12.6407,10.8799,1
10,2006,9.775,0,2013.0,2013,12.7005,10.7995,1
10,2007,9.803,0,2013.0,2013,12.7007,10.8121,1
10,2008,9.7301,0,2013.0,2013,12.731,10.8457,1
10,2009,9.8173,0,2013.0,2013,12.6322,10.8369,1
10,2010,9.9093,0,2013.0,2013,12.7064,10.8937,1
10,2011,9.8822,0,2013.0,2013,12.7244,10.9393,1
10,2012,9.978,0,2013.0,2013,12.767,10.9275,1
10,2013,10.0222,1,2013.0,2013,12.7583,10.953,1
10,2014,9.8225,1,2013.0,2013,12.7247,11.0117,1
10,2015,9.9314,1,2013.0,2013,12.7749,10.9274,1
10,2016,9.7928,1,2013.0,2013,12.7562,10.894,1
10,2017,10.0745,1,2013.0,2013,12.7093,11.015,1
10,2018,9.9611,1,2013.0,2013,12.7501,10.9977,1
10,2019,10.0805,1,2013.0,2013,12.8836,11.0497,1
11,2000,9.5407,0,2004.0,2004,13.6725,10.2937,1
11,2001,9.7074,0,2004.0,2004,13.622,10.3791,1
11,2002,9.7422,0,2004.0,2004,13.6535,10.4283,1
11,2003,9.7056,0,2004.0,2004,13.695,10.3945,1
11,2004,9.7284,1,2004.0,2004,13.7468,10.4608,1
11,2005,9.7776,1,2004.0,2004,13.7779,10.4583,1
11,2006,9.7805,1,2004.0,2004,13.8088,10.4733,1
11,2007,9.8378,1,2004.0,2004,13.716,10.4974,1
11,2008,9.9837,1,2004.0,2004,13.7408,10.5811,1
11,2009,9.8856,1,2004.0,2004,13.7539,10.5152,1
11,2010,10.056,1,2004.0,2004,13.7492,10.4586,1
11,2011,9.8955,1,2004.0,2004,13.7479,10.6033,1
11,2012,10.0752,1,2004.0,2004,13.7933,10.5973,1
11,2013,10.1864,1,2004.0,2004,13.846,10.5688,1
11,2014,10.3001,1,2004.0,2004,13.8347,10.5223,1
11,2015,10.2319,1,2004.0,2004,13.7808,10.6162,1
11,2016,10.3355,1,2004.0,2004,13.7945,10.5885,1
11,2017,10.0707,1,2004.0,2004,13.8592,10.6156,1
11,2018,10.2274,1,2004.0,2004,13.8995,10.5758,1
11,2019,10.3836,1,2004.0,2004,13.7873,10.7068,1
12,2000,9.5375,0,,0,13.3051,10.6929,0
12,2001,9.5932,0,,0,13.3673,10.6691,0
12,2002,9.6437,0,,0,13.4025,10.7378,0
12,2003,9.7406,0,,0,13.3214,10.8019,0
12,2004,9.6977,0,,0,13.399,10.7434,0
12,2005,9.7573,0,,0,13.3539,10.7473,0
12,2006,9.6003,0,,0,13.4041,10.7606,0
12,2007,9.5668,0,,0,13.4233,10.7927,0
12,2008,9.7376,0,,0,13.4919,10.7882,0
12,2009,9.9592,0,,0,13.4281,10.7667,0
12,2010,9.8956,0,,0,13.3979,10.8325,0
12,2011,9.902,0,,0,13.425,10.8534,0
12,2012,9.9957,0,,0,13.4375,10.8958,0
12,2013,9.8395,0,,0,13.4694,10.8231,0
12,2014,9.9436,0,,0,13.4626,10.8536,0
12,2015,10.0071,0,,0,13.4735,10.9157,0
12,2016,9.8842,0,,0,13.4553,10.9524,0
12,2017,10.0827,0,,0,13.5073,10.9569,0
12,2018,9.9964,0,,0,13.48,10.9488,0
12,2019,9.9827,0,,0,13.4426,10.9012,0
13,2000,9.1094,0,,0,13.112,10.6111,0
13,2001,9.4144,0,,0,13.2536,10.7526,0
13,2002,9.4013,0,,0,13.2306,10.7142,0
13,2003,9.5036,0,,0,13.1221,10.6764,0
13,2004,9.3882,0,,0,13.2708,10.7797,0
13,2005,9.3251,0,,0,13.2495,10.7834,0
13,2006,9.3063,0,,0,13.1838,10.776,0
13,2007,9.4829,0,,0,13.1821,10.758,0
13,2008,9.4435,0,,0,13.2875,10.7544,0
13,2009,9.3415,0,,0,13.2024,10.8232,0
13,2010,9.4415,0,,0,13.2668,10.7938,0
13,2011,9.4918,0,,0,13.1919,10.8798,0
13,2012,9.4361,0,,0,13.2927,10.9318,0
13,2013,9.4922,0,,0,13.2977,10.9139,0
13,2014,9.6199,0,,0,13.2664,10.8807,0
13,2015,9.5852,0,,0,13.2493,10.8945,0
13,2016,9.5568,0,,0,13.3068,10.9871,0
13,2017,9.569,0,,0,13.2898,11.038,0
13,2018,9.5739,0,,0,13.3732,10.9837,0
13,2019,9.8041,0,,0,13.3537,10.9763,0
14,2000,9.7975,0,2007.0,2007,13.778,10.5045,1
14,2001,9.6022,0,2007.0,2007,13.7757,10.6399,1
14,2002,9.609,0,2007.0,2007,13.8543,10.6545,1
14,2003,9.542,0,2007.0,2007,13.8068,10.5637,1
14,2004,9.5531,0,2007.0,2007,13.8475,10.5885,1
14,2005,9.683,0,2007.0,2007,13.8724,10.6677,1
14,2006,9.7799,0,2007.0,2007,13.9272,10.6009,1
14,2007,9.8001,1,2007.0,2007,13.8406,10.6621,1
14,2008,9.7082,1,2007.0,2007,13.9128,10.6425,1
14,2009,9.9371,1,2007.0,2007,13.8903,10.6582,1
14,2010,9.8407,1,2007.0,2007,13.9604,10.7337,1
14,2011,10.0008,1,2007.0,2007,13.9765,10.73,1
14,2012,9.9484,1,2007.0,2007,13.9354,10.727,1
14,2013,9.8707,1,2007.0,2007,13.9712,10.7926,1
14,2014,9.8336,1,2007.0,2007,13.854,10.7896,1
14,2015,10.1299,1,2007.0,2007,13.9753,10.884,1
14,2016,10.0931,1,2007.0,2007,13.9699,10.7954,1
14,2017,10.1989,1,2007.0,2007,13.9892,10.8272,1
14,2018,10.1068,1,2007.0,2007,13.9771,10.7991,1
14,2019,10.2626,1,2007.0,2007,13.9972,10.844,1
15,2000,9.6897,0,2004.0,2004,14.0142,10.7843,1
15,2001,9.5915,0,2004.0,2004,14.026,10.7141,1
15,2002,9.7007,0,2004.0,2004,14.005,10.7741,1
15,2003,9.5205,0,2004.0,2004,14.042,10.8161,1
15,2004,9.791,1,2004.0,2004,14.0085,10.8059,1
15,2005,9.9232,1,2004.0,2004,14.142,10.8754,1
15,2006,9.8128,1,2004.0,2004,14.0829,10.8281,1
15,2007,9.8937,1,2004.0,2004,14.0661,10.8634,1
15,2008,9.8314,1,2004.0,2004,14.1173,10.9192,1
15,2009,9.9269,1,2004.0,2004,13.9778,10.924,1
15,2010,10.0848,1,2004.0,2004,14.057,10.8295,1
15,2011,10.0746,1,2004.0,2004,14.0967,10.813,1
15,2012,10.1413,1,2004.0,2004,14.0616,10.9389,1
15,2013,10.1475,1,2004.0,2004,14.1515,10.9077,1
15,2014,10.0976,1,2004.0,2004,14.1541,10.9243,1
15,2015,10.0617,1,2004.0,2004,14.1569,11.0451,1
15,2016,10.329,1,2004.0,2004,14.2491,10.9832,1
15,2017,10.2748,1,2004.0,2004,14.1552,11.0797,1
15,2018,10.38,1,2004.0,2004,14.3034,10.9974,1
15,2019,10.3226,1,2004.0,2004,14.2706,11.0991,1
16,2000,9.2655,0,2004.0,2004,13.9886,10.8941,1
16,2001,9.1296,0,2004.0,2004,13.9574,10.9436,1
16,2002,9.2763,0,2004.0,2004,14.0457,10.9249,1
16,2003,9.2336,0,2004.0,2004,14.0549,10.995,1
16,2004,9.3377,1,2004.0,2004,13.9345,11.0413,1
16,2005,9.5876,1,2004.0,2004,14.082,11.0185,1
16,2006,9.4689,1,2004.0,2004,13.9935,11.0483,1
16,2007,9.5838,1,2004.0,2004,14.1121,11.0465,1
16,2008,9.3501,1,2004.0,2004,14.0274,11.0076,1
16,2009,9.5427,1,2004.0,2004,14.1585,11.0121,1
16,2010,9.5808,1,2004.0,2004,14.081,11.1038,1
16,2011,9.7749,1,2004.0,2004,14.0673,11.0975,1
16,2012,9.7994,1,2004.0,2004,14.1102,11.1306,1
16,2013,9.6891,1,2004.0,2004,14.1047,11.0643,1
16,2014,9.8007,1,2004.0,2004,14.0792,11.1547,1
16,2015,10.0282,1,2004.0,2004,14.1311,11.2143,1
16,2016,9.9018,1,2004.0,2004,14.1539,11.0908,1
16,2017,9.7965,1,2004.0,2004,14.2001,11.2031,1
16,2018,9.9737,1,2004.0,2004,14.1352,11.1572,1
16,2019,9.9909,1,2004.0,2004,14.2391,11.222,1
17,2000,10.2448,0,2007.0,2007,13.1402,11.3415,1
17,2001,10.2975,0,2007.0,2007,13.0511,11.4068,1
17,2002,10.2709,0,2007.0,2007,13.056,11.3784,1
17,2003,10.3854,0,2007.0,2007,13.1967,11.3949,1
17,2004,10.3968,0,2007.0,2007,13.0495,11.3554,1
17,2005,10.3498,0,2007.0,2007,13.1028,11.5432,1
17,2006,10.5042,0,2007.0,2007,13.2175,11.5361,1
17,2007,10.4078,1,2007.0,2007,13.2016,11.4946,1
17,2008,10.4316,1,2007.0,2007,13.1195,11.4857,1
17,2009,10.6263,1,2007.0,2007,13.2052,11.5391,1
17,2010,10.3777,1,2007.0,2007,13.1233,11.5081,1
17,2011,10.657,1,2007.0,2007,13.1863,11.526,1
17,2012,10.6823,1,2007.0,2007,13.1492,11.62,1
17,2013,10.726,1,2007.0,2007,13.1991,11.5225,1
17,2014,10.582,1,2007.0,2007,13.3146,11.6376,1
17,2015,10.711,1,2007.0,2007,13.2374,11.5201,1
17,2016,10.719,1,2007.0,2007,13.2171,11.5421,1
17,2017,10.9275,1,2007.0,2007,13.1919,11.506,1
17,2018,10.8468,1,2007.0,2007,13.3435,11.6176,1
17,2019,10.9698,1,2007.0,2007,13.2205,11.6629,1
18,2000,9.6058,0,2010.0,2010,13.3404,10.8442,1
18,2001,9.6636,0,2010.0,2010,13.3441,10.8821,1
18,2002,9.6693,0,2010.0,2010,13.44,10.8715,1
18,2003,9.7418,0,2010.0,2010,13.2542,10.9327,1
18,2004,9.696,0,2010.0,2010,13.3887,10.933,1
18,2005,9.6869,0,2010.0,2010,13.4351,10.8772,1
18,2006,9.8704,0,2010.0,2010,13.4287,10.9409,1
18,2007,9.9254,0,2010.0,2010,13.3787,10.925,1
18,2008,9.9136,0,2010.0,2010,13.3746,10.9748,1
18,2009,9.8599,0,2010.0,2010,13.4442,10.9727,1
18,2010,10.0106,1,2010.0,2010,13.3918,10.8855,1
18,2011,10.1385,1,2010.0,2010,13.3372,10.977,1
18,2012,10.0999,1,2010.0,2010,13.4664,11.0033,1
18,2013,9.9396,1,2010.0,2010,13.4431,11.0154,1
18,2014,10.0438,1,2010.0,2010,13.4915,11.1274,1
18,2015,10.101,1,2010.0,2010,13.4808,11.0148,1
18,2016,10.0674,1,2010.0,2010,13.4964,11.2201,1
18,2017,10.0407,1,2010.0,2010,13.4941,11.1533,1
18,2018,10.3094,1,2010.0,2010,13.5714,11.0956,1
18,2019,10.2871,1,2010.0,2010,13.513,11.1886,1
19,2000,9.093,0,2010.0,2010,13.6899,10.8434,1
19,2001,9.0583,0,2010.0,2010,13.6589,10.8761,1
19,2002,9.1769,0,2010.0,2010,13.7888,10.8646,1
19,2003,9.0965,0,2010.0,2010,13.6916,10.9404,1
19,2004,9.3344,0,2010.0,2010,13.6963,10.9767,1
19,2005,9.0991,0,2010.0,2010,13.7446,10.9653,1
19,2006,9.2523,0,2010.0,2010,13.7426,10.9554,1
19,2007,9.1804,0,2010.0,2010,13.6853,11.0279,1
19,2008,9.2076,0,2010.0,2010,13.6395,10.973,1
19,2009,9.264,0,2010.0,2010,13.7057,10.9921,1
19,2010,9.1819,1,2010.0,2010,13.7537,11.0126,1
19,2011,9.4415,1,2010.0,2010,13.8564,11.0294,1
19,2012,9.3336,1,2010.0,2010,13.8355,11.04,1
19,2013,9.4309,1,2010.0,2010,13.7504,11.0852,1
19,2014,9.3764,1,2010.0,2010,13.7824,11.0953,1
19,2015,9.3332,1,2010.0,2010,13.845,11.0833,1
19,2016,9.3813,1,2010.0,2010,13.832,11.1948,1
19,2017,9.5336,1,2010.0,2010,13.8613,11.1394,1
19,2018,9.5084,1,2010.0,2010,13.8774,11.1917,1
19,2019,9.4709,1,2010.0,2010,13.8893,11.2383,1
20,2000,9.787,0,2007.0,2007,14.0431,10.7729,1
20,2001,9.8045,0,2007.0,2007,13.971,10.789,1
20,2002,9.7921,0,2007.0,2007,14.0432,10.7902,1
20,2003,9.8908,0,2007.0,2007,14.0547,10.8473,1
20,2004,9.997,0,2007.0,2007,14.001,10.87,1
20,2005,9.838,0,2007.0,2007,14.0266,10.8387,1
20,2006,9.7761,0,2007.0,2007,14.0878,10.803,1
20,2007,9.937,1,2007.0,2007,14.1053,10.9511,1
20,2008,9.9881,1,2007.0,2007,14.0713,10.9441,1
20,2009,10.1065,1,2007.0,2007,14.1265,10.9327,1
20,2010,9.8981,1,2007.0,2007,13.9526,10.9548,1
20,2011,10.1661,1,2007.0,2007,14.1233,10.9976,1
20,2012,10.2198,1,2007.0,2007,14.1884,11.0103,1
20,2013,10.0902,1,2007.0,2007,14.1215,10.9086,1
20,2014,10.2442,1,2007.0,2007,14.2363,10.9806,1
20,2015,10.2357,1,2007.0,2007,14.14,11.0705,1
20,2016,10.2524,1,2007.0,2007,14.1106,10.9649,1
20,2017,10.2678,1,2007.0,2007,14.1363,11.005,1
20,2018,10.2227,1,2007.0,2007,14.0925,11.0781,1
20,2019,10.4862,1,2007.0,2007,14.1623,11.0326,1
21,2000,9.1606,0,2013.0,2013,13.1667,10.229,1
21,2001,9.0601,0,2013.0,2013,13.2811,10.2093,1
21,2002,9.1833,0,2013.0,2013,13.3342,10.2552,1
21,2003,9.0073,0,2013.0,2013,13.255,10.2088,1
21,2004,9.2301,0,2013.0,2013,13.3138,10.3047,1
21,2005,9.3141,0,2013.0,2013,13.2863,10.3052,1
21,2006,9.1296,0,2013.0,2013,13.307,10.2787,1
21,2007,9.2537,0,2013.0,2013,13.3199,10.2899,1
21,2008,9.3089,0,2013.0,2013,13.3292,10.3184,1
21,2009,9.2897,0,2013.0,2013,13.2959,10.4158,1
21,2010,9.3522,0,2013.0,2013,13.3958,10.3837,1
21,2011,9.3159,0,2013.0,2013,13.3398,10.4038,1
21,2012,9.197,0,2013.0,2013,13.3788,10.396,1
21,2013,9.3211,1,2013.0,2013,13.363,10.4231,1
21,2014,9.4827,1,2013.0,2013,13.4637,10.3997,1
21,2015,9.5078,1,2013.0,2013,13.3781,10.5204,1
21,2016,9.495,1,2013.0,2013,13.4704,10.4375,1
21,2017,9.5783,1,2013.0,2013,13.4448,10.4898,1
21,2018,9.4382,1,2013.0,2013,13.4801,10.4244,1
21,2019,9.5194,1,2013.0,2013,13.502,10.5544,1
22,2000,9.871,0,2004.0,2004,13.3519,10.7834,1
22,2001,9.8069,0,2004.0,2004,13.4827,10.8629,1
22,2002,10.0034,0,2004.0,2004,13.343,10.7898,1
22,2003,9.8967,0,2004.0,2004,13.3755,10.8133,1
22,2004,9.9542,1,2004.0,2004,13.4067,10.869,1
22,2005,9.9883,1,2004.0,2004,13.4845,10.8673,1
22,2006,10.1695,1,2004.0,2004,13.4628,10.8672,1
22,2007,10.0751,1,2004.0,2004,13.5052,10.8852,1
22,2008,10.1625,1,2004.0,2004,13.5458,10.9268,1
22,2009,10.1574,1,2004.0,2004,13.4186,10.882,1
22,2010,10.2637,1,2004.0,2004,13.5938,11.0313,1
22,2011,10.1864,1,2004.0,2004,13.4271,10.9353,1
22,2012,10.3131,1,2004.0,2004,13.5188,10.9532,1
22,2013,10.3018,1,2004.0,2004,13.4835,10.9966,1
22,2014,10.5535,1,2004.0,2004,13.4207,10.9906,1
22,2015,10.3981,1,2004.0,2004,13.4957,11.0369,1
22,2016,10.4993,1,2004.0,2004,13.6994,10.9719,1
22,2017,10.4727,1,2004.0,2004,13.6315,11.051,1
22,2018,10.5217,1,2004.0,2004,13.6006,11.0483,1
22,2019,10.5982,1,2004.0,2004,13.616,11.0759,1
23,2000,9.893,0,2007.0,2007,12.8582,10.8685,1
23,2001,10.1917,0,2007.0,2007,12.927,10.888,1
23,2002,10.0252,0,2007.0,2007,13.0196,10.857,1
23,2003,10.0417,0,2007.0,2007,13.0029,10.8889,1
23,2004,10.1302,0,2007.0,2007,12.977,10.872,1
23,2005,10.0921,0,2007.0,2007,13.0265,10.7755,1
23,2006,10.1817,0,2007.0,2007,13.0059,10.8925,1
23,2007,10.0236,1,2007.0,2007,12.9782,10.9394,1
23,2008,10.2485,1,2007.0,2007,12.9955,10.9726,1
23,2009,10.2452,1,2007.0,2007,13.0731,10.9737,1
23,2010,10.3389,1,2007.0,2007,13.0869,10.9982,1
23,2011,10.2224,1,2007.0,2007,13.0744,11.0259,1
23,2012,10.3034,1,2007.0,2007,13.0587,10.9683,1
23,2013,10.3426,1,2007.0,2007,13.0372,11.0008,1
23,2014,10.4866,1,2007.0,2007,13.0869,10.9954,1
23,2015,10.3429,1,2007.0,2007,13.0165,11.0126,1
23,2016,10.3028,1,2007.0,2007,13.1483,11.0503,1
23,2017,10.5268,1,2007.0,2007,13.1486,11.0235,1
23,2018,10.4928,1,2007.0,2007,13.1949,11.0357,1
23,2019,10.5383,1,2007.0,2007,13.2269,11.1526,1
24,2000,9.2217,0,2007.0,2007,12.9423,11.5,1
24,2001,9.1589,0,2007.0,2007,12.9649,11.6644,1
24,2002,9.1651,0,2007.0,2007,12.9206,11.4982,1
24,2003,9.305,0,2007.0,2007,12.9057,11.5901,1
24,2004,9.2576,0,2007.0,2007,12.9419,11.5986,1
24,2005,9.2343,0,2007.0,2007,12.9932,11.5793,1
24,2006,9.3522,0,2007.0,2007,12.8946,11.5962,1
24,2007,9.3678,1,2007.0,2007,12.985,11.6517,1
24,2008,9.3554,1,2007.0,2007,13.0014,11.6548,1
24,2009,9.5343,1,2007.0,2007,12.87,11.6686,1
24,2010,9.4843,1,2007.0,2007,13.0502,11.7384,1
24,2011,9.6104,1,2007.0,2007,12.981,11.6913,1
24,2012,9.5848,1,2007.0,2007,13.0149,11.701,1
24,2013,9.4631,1,2007.0,2007,12.9597,11.6421,1
24,2014,9.7139,1,2007.0,2007,13.0165,11.7431,1
24,2015,9.5631,1,2007.0,2007,13.0682,11.776,1
24,2016,9.6044,1,2007.0,2007,13.1139,11.7759,1
24,2017,9.6471,1,2007.0,2007,12.9942,11.8267,1
24,2018,9.8544,1,2007.0,2007,13.0384,11.854,1
24,2019,9.8234,1,2007.0,2007,13.0469,11.8495,1
25,2000,9.806,0,2010.0,2010,13.8791,10.7358,1
25,2001,9.8212,0,2010.0,2010,13.9533,10.7368,1
25,2002,10.0364,0,2010.0,2010,13.7981,10.7647,1
25,2003,9.9896,0,2010.0,2010,13.9353,10.7768,1
25,2004,10.0371,0,2010.0,2010,13.8872,10.8469,1
25,2005,10.0462,0,2010.0,2010,13.9782,10.8181,1
25,2006,10.1313,0,2010.0,2010,13.9486,10.8093,1
25,2007,10.0327,0,2010.0,2010,13.9143,10.7886,1
25,2008,10.1601,0,2010.0,2010,13.9949,10.872,1
25,2009,9.9318,0,2010.0,2010,13.9162,10.8442,1
25,2010,10.1442,1,2010.0,2010,13.9975,10.9588,1
25,2011,10.1244,1,2010.0,2010,13.9533,10.8826,1
25,2012,10.1868,1,2010.0,2010,14.0903,10.9446,1
25,2013,10.1718,1,2010.0,2010,14.0612,10.9829,1
25,2014,10.286,1,2010.0,2010,14.0057,10.902,1
25,2015,10.2911,1,2010.0,2010,14.1056,10.9643,1
25,2016,10.3,1,2010.0,2010,14.0245,11.0659,1
25,2017,10.317,1,2010.0,2010,14.1774,10.9976,1
25,2018,10.4598,1,2010.0,2010,14.0772,11.0672,1
25,2019,10.4518,1,2010.0,2010,14.0251,11.0166,1
26,2000,9.5965,0,2013.0,2013,14.0982,10.909,1
26,2001,9.6952,0,2013.0,2013,14.1976,10.879,1
26,2002,9.7259,0,2013.0,2013,14.166,10.94,1
26,2003,9.7438,0,2013.0,2013,14.2441,10.8837,1
26,2004,9.7388,0,2013.0,2013,14.2923,10.9647,1
26,2005,9.7466,0,2013.0,2013,14.1656,10.9896,1
26,2006,9.7711,0,2013.0,2013,14.2146,10.9911,1
26,2007,9.7461,0,2013.0,2013,14.3531,10.9856,1
26,2008,9.9178,0,2013.0,2013,14.2953,11.0032,1
26,2009,9.8884,0,2013.0,2013,14.3391,11.0014,1
26,2010,9.8971,0,2013.0,2013,14.2439,11.0721,1
26,2011,9.8091,0,2013.0,2013,14.2276,11.0847,1
26,2012,9.954,0,2013.0,2013,14.2778,11.0979,1
26,2013,9.9958,1,2013.0,2013,14.4069,11.0229,1
26,2014,10.0541,1,2013.0,2013,14.2732,11.0473,1
26,2015,9.9831,1,2013.0,2013,14.3217,11.1759,1
26,2016,10.0262,1,2013.0,2013,14.2755,11.145,1
26,2017,10.1122,1,2013.0,2013,14.2179,11.1534,1
26,2018,10.2091,1,2013.0,2013,14.4199,11.1176,1
26,2019,10.1125,1,2013.0,2013,14.2792,11.1883,1
27,2000,9.818,0,2004.0,2004,13.4814,10.7701,1
27,2001,9.7705,0,2004.0,2004,13.4196,10.7612,1
27,2002,9.7801,0,2004.0,2004,13.5173,10.8381,1
27,2003,9.9165,0,2004.0,2004,13.5537,10.7953,1
27,2004,10.0807,1,2004.0,2004,13.5432,10.8395,1
27,2005,9.9569,1,2004.0,2004,13.6009,10.9037,1
27,2006,10.1813,1,2004.0,2004,13.4825,10.9005,1
27,2007,10.043,1,2004.0,2004,13.5665,10.8345,1
27,2008,10.4315,1,2004.0,2004,13.5248,10.9196,1
27,2009,10.2655,1,2004.0,2004,13.5843,10.9173,1
27,2010,10.2692,1,2004.0,2004,13.548,11.0114,1
27,2011,10.2332,1,2004.0,2004,13.6073,10.9714,1
27,2012,10.3779,1,2004.0,2004,13.5561,10.9256,1
27,2013,10.4012,1,2004.0,2004,13.6169,11.0516,1
27,2014,10.4707,1,2004.0,2004,13.5494,10.9841,1
27,2015,10.3709,1,2004.0,2004,13.5993,11.0117,1
27,2016,10.4848,1,2004.0,2004,13.6685,11.0526,1
27,2017,10.5595,1,2004.0,2004,13.6343,11.0182,1
27,2018,10.5975,1,2004.0,2004,13.6686,11.0385,1
27,2019,10.5763,1,2004.0,2004,13.6301,11.0401,1
28,2000,10.1631,0,2010.0,2010,14.0548,10.4741,1
28,2001,10.2828,0,2010.0,2010,14.0724,10.4748,1
28,2002,10.1699,0,2010.0,2010,13.933,10.4957,1
28,2003,10.4288,0,2010.0,2010,13.9556,10.5389,1
28,2004,10.4153,0,2010.0,2010,14.015,10.4411,1
28,2005,10.4021,0,2010.0,2010,14.044,10.5025,1
28,2006,10.2654,0,2010.0,2010,14.1176,10.5973,1
28,2007,10.3029,0,2010.0,2010,14.0511,10.5648,1
28,2008,10.3587,0,2010.0,2010,14.099,10.5675,1
28,2009,10.5393,0,2010.0,2010,14.0802,10.5474,1
28,2010,10.4168,1,2010.0,2010,14.0095,10.5622,1
28,2011,10.432,1,2010.0,2010,14.1076,10.5564,1
28,2012,10.5624,1,2010.0,2010,14.1321,10.6322,1
28,2013,10.7354,1,2010.0,2010,14.1044,10.6335,1
28,2014,10.5511,1,2010.0,2010,14.0768,10.6926,1
28,2015,10.5629,1,2010.0,2010,14.1927,10.7359,1
28,2016,10.729,1,2010.0,2010,14.2126,10.7003,1
28,2017,10.8372,1,2010.0,2010,14.1913,10.6513,1
28,2018,10.7652,1,2010.0,2010,14.1703,10.7177,1
28,2019,10.7825,1,2010.0,2010,14.2204,10.7319,1
29,2000,9.3874,0,2010.0,2010,13.709,11.1021,1
29,2001,9.4853,0,2010.0,2010,13.7021,11.1431,1
29,2002,9.5874,0,2010.0,2010,13.679,11.1086,1
29,2003,9.4729,0,2010.0,2010,13.6462,11.2154,1
29,2004,9.4109,0,2010.0,2010,13.7355,11.1935,1
29,2005,9.4432,0,2010.0,2010,13.685,11.1846,1
29,2006,9.5294,0,2010.0,2010,13.7749,11.2923,1
29,2007,9.6028,0,2010.0,2010,13.7758,11.2667,1
29,2008,9.6502,0,2010.0,2010,13.7849,11.2133,1
29,2009,9.5788,0,2010.0,2010,13.7327,11.2794,1
29,2010,9.5156,1,2010.0,2010,13.8345,11.3874,1
29,2011,9.7855,1,2010.0,2010,13.806,11.3367,1
29,2012,9.8313,1,2010.0,2010,13.7339,11.3506,1
29,2013,9.7956,1,2010.0,2010,13.9104,11.3072,1
29,2014,9.6168,1,2010.0,2010,13.8015,11.351,1
29,2015,9.9075,1,2010.0,2010,13.8301,11.3403,1
29,2016,9.8059,1,2010.0,2010,13.778,11.4154,1
29,2017,9.9547,1,2010.0,2010,13.8903,11.4114,1
29,2018,9.8101,1,2010.0,2010,13.8443,11.3884,1
29,2019,9.797,1,2010.0,2010,14.0183,11.4776,1
30,2000,9.1891,0,2004.0,2004,13.2015,11.0475,1
30,2001,9.0427,0,2004.0,2004,13.1812,11.0537,1
30,2002,9.4808,0,2004.0,2004,13.186,11.0215,1
30,2003,9.3156,0,2004.0,2004,13.2258,11.058,1
30,2004,9.2992,1,2004.0,2004,13.2384,11.1099,1
30,2005,9.3271,1,2004.0,2004,13.2511,11.0635,1
30,2006,9.5235,1,2004.0,2004,13.2166,11.1038,1
30,2007,9.3566,1,2004.0,2004,13.1852,11.1328,1
30,2008,9.5957,1,2004.0,2004,13.2466,11.1332,1
30,2009,9.741,1,2004.0,2004,13.1986,11.138,1
30,2010,9.6631,1,2004.0,2004,13.1981,11.1004,1
30,2011,9.5831,1,2004.0,2004,13.244,11.212,1
30,2012,9.6631,1,2004.0,2004,13.3138,11.2426,1
30,2013,9.667,1,2004.0,2004,13.2612,11.2308,1
30,2014,9.7569,1,2004.0,2004,13.2676,11.2616,1
30,2015,9.7895,1,2004.0,2004,13.3294,11.1926,1
30,2016,9.9495,1,2004.0,2004,13.4685,11.2211,1
30,2017,9.9201,1,2004.0,2004,13.3615,11.3509,1
30,2018,9.8944,1,2004.0,2004,13.3548,11.3445,1
30,2019,9.9424,1,2004.0,2004,13.3015,11.3025,1
31,2000,9.148,0,2013.0,2013,13.7426,11.019,1
31,2001,9.169,0,2013.0,2013,13.7331,10.9624,1
31,2002,9.1962,0,2013.0,2013,13.7607,11.0476,1
31,2003,9.1769,0,2013.0,2013,13.6789,11.0347,1
31,2004,9.3441,0,2013.0,2013,13.6905,11.0091,1
31,2005,9.2396,0,2013.0,2013,13.7633,11.0668,1
31,2006,9.2561,0,2013.0,2013,13.7706,11.154,1
31,2007,9.3614,0,2013.0,2013,13.7736,11.2005,1
31,2008,9.2435,0,2013.0,2013,13.7649,11.2137,1
31,2009,9.277,0,2013.0,2013,13.8409,11.2002,1
31,2010,9.373,0,2013.0,2013,13.7955,11.2058,1
31,2011,9.4433,0,2013.0,2013,13.8757,11.2452,1
31,2012,9.4029,0,2013.0,2013,13.7491,11.2332,1
31,2013,9.3496,1,2013.0,2013,13.7683,11.2062,1
31,2014,9.5357,1,2013.0,2013,13.8022,11.1911,1
31,2015,9.5849,1,2013.0,2013,13.7853,11.3231,1
31,2016,9.5706,1,2013.0,2013,13.8078,11.3115,1
31,2017,9.4551,1,2013.0,2013,13.8593,11.3144,1
31,2018,9.4791,1,2013.0,2013,13.8906,11.2694,1
31,2019,9.6693,1,2013.0,2013,13.9131,11.273,1
32,2000,9.1358,0,2004.0,2004,14.2342,10.5505,1
32,2001,9.0755,0,2004.0,2004,14.2286,10.4637,1
32,2002,9.2031,0,2004.0,2004,14.2938,10.5466,1
32,2003,9.2657,0,2004.0,2004,14.2825,10.6015,1
32,2004,9.3878,1,2004.0,2004,14.3325,10.5258,1
32,2005,9.3531,1,2004.0,2004,14.2682,10.5924,1
32,2006,9.3223,1,2004.0,2004,14.3457,10.6744,1
32,2007,9.5417,1,2004.0,2004,14.3701,10.6853,1
32,2008,9.5763,1,2004.0,2004,14.4496,10.6881,1
32,2009,9.6467,1,2004.0,2004,14.3663,10.6631,1
32,2010,9.4677,1,2004.0,2004,14.3281,10.7385,1
32,2011,9.694,1,2004.0,2004,14.3974,10.6082,1
32,2012,9.6503,1,2004.0,2004,14.3594,10.7121,1
32,2013,9.7322,1,2004.0,2004,14.3461,10.7815,1
32,2014,9.68,1,2004.0,2004,14.4596,10.7908,1
32,2015,9.7155,1,2004.0,2004,14.4806,10.8196,1
32,2016,9.8364,1,2004.0,2004,14.5284,10.7459,1
32,2017,9.902,1,2004.0,2004,14.5167,10.8163,1
32,2018,9.8234,1,2004.0,2004,14.4512,10.8195,1
32,2019,9.93,1,2004.0,2004,14.4711,10.7661,1
33,2000,9.4478,0,2004.0,2004,13.5699,11.2838,1
33,2001,9.4324,0,2004.0,2004,13.4884,11.2178,1
33,2002,9.4574,0,2004.0,2004,13.4456,11.2757,1
33,2003,9.5999,0,2004.0,2004,13.5569,11.2406,1
33,2004,9.5931,1,2004.0,2004,13.5204,11.299,1
33,2005,9.5327,1,2004.0,2004,13.5218,11.266,1
33,2006,9.6767,1,2004.0,2004,13.5175,11.2994,1
33,2007,9.7077,1,2004.0,2004,13.549,11.345,1
33,2008,9.7453,1,2004.0,2004,13.5019,11.2992,1
33,2009,9.8296,1,2004.0,2004,13.5336,11.304,1
33,2010,9.7828,1,2004.0,2004,13.6118,11.3485,1
33,2011,9.7748,1,2004.0,2004,13.5905,11.3519,1
33,2012,10.1663,1,2004.0,2004,13.5841,11.4129,1
33,2013,9.8442,1,2004.0,2004,13.6296,11.3757,1
33,2014,10.0035,1,2004.0,2004,13.6181,11.3975,1
33,2015,10.0792,1,2004.0,2004,13.6262,11.4204,1
33,2016,10.1503,1,2004.0,2004,13.7337,11.4934,1
33,2017,10.2142,1,2004.0,2004,13.6718,11.3987,1
33,2018,10.3284,1,2004.0,2004,13.6596,11.4346,1
33,2019,10.2239,1,2004.0,2004,13.7344,11.5034,1
34,2000,9.6458,0,,0,14.1971,10.3425,0
34,2001,9.8246,0,,0,14.2802,10.3825,0
34,2002,9.561,0,,0,14.4133,10.4031,0
34,2003,9.613,0,,0,14.3862,10.3777,0
34,2004,9.6612,0,,0,14.2929,10.406,0
34,2005,9.732,0,,0,14.3049,10.4878,0
34,2006,9.7237,0,,0,14.4032,10.4489,0
34,2007,9.8045,0,,0,14.4113,10.4922,0
34,2008,9.78,0,,0,14.3072,10.5267,0
34,2009,9.9255,0,,0,14.3304,10.479,0
34,2010,9.748,0,,0,14.3505,10.5478,0
34,2011,9.7843,0,,0,14.3908,10.5081,0
34,2012,9.662,0,,0,14.4169,10.552,0
34,2013,9.8015,0,,0,14.382,10.5928,0
34,2014,9.9394,0,,0,14.396,10.645,0
34,2015,9.9691,0,,0,14.4394,10.5192,0
34,2016,10.0528,0,,0,14.4677,10.7765,0
34,2017,9.9416,0,,0,14.4379,10.6459,0
34,2018,10.0262,0,,0,14.4338,10.6626,0
34,2019,10.108,0,,0,14.4515,10.6192,0
35,2000,9.6567,0,,0,12.1634,10.9904,0
35,2001,9.6807,0,,0,12.2344,11.065,0
35,2002,9.6959,0,,0,12.215,11.0579,0
35,2003,9.6927,0,,0,12.2104,11.0185,0
35,2004,9.8011,0,,0,12.2243,11.0446,0
35,2005,9.7693,0,,0,12.2836,11.0328,0
35,2006,9.7002,0,,0,12.2939,11.125,0
35,2007,9.7333,0,,0,12.1782,11.0654,0
35,2008,9.6853,0,,0,12.3022,11.0884,0
35,2009,9.6565,0,,0,12.2844,10.9914,0
35,2010,9.9417,0,,0,12.3504,11.1572,0
35,2011,9.8304,0,,0,12.2527,11.211,0
35,2012,9.7855,0,,0,12.3669,11.1118,0
35,2013,9.8744,0,,0,12.2937,11.1288,0
35,2014,9.8759,0,,0,12.3478,11.1632,0
35,2015,10.0423,0,,0,12.2445,11.1983,0
35,2016,9.8882,0,,0,12.3957,11.2203,0
35,2017,10.0577,0,,0,12.3873,11.239,0
35,2018,9.8608,0,,0,12.4068,11.2576,0
35,2019,10.161,0,,0,12.374,11.2648,0
36,2000,9.8153,0,,0,13.9868,11.4812,0
36,2001,9.7567,0,,0,13.8734,11.4752,0
36,2002,9.7639,0,,0,13.9477,11.4809,0
36,2003,9.7952,0,,0,13.9203,11.5776,0
36,2004,9.8948,0,,0,13.9753,11.4552,0
36,2005,9.7934,0,,0,13.9563,11.5852,0
36,2006,9.6939,0,,0,13.9418,11.5887,0
36,2007,9.9578,0,,0,13.9584,11.5842,0
36,2008,9.9224,0,,0,13.9704,11.6233,0
36,2009,10.0034,0,,0,14.0105,11.6101,0
36,2010,9.9614,0,,0,13.8865,11.5808,0
36,2011,10.0577,0,,0,14.0239,11.64,0
36,2012,10.0956,0,,0,13.9828,11.6289,0
36,2013,9.9412,0,,0,14.0116,11.6611,0
36,2014,10.2152,0,,0,14.1089,11.6537,0
36,2015,10.0624,0,,0,13.9924,11.6538,0
36,2016,10.1561,0,,0,14.1577,11.6629,0
36,2017,10.1506,0,,0,14.0208,11.6963,0
36,2018,10.1863,0,,0,14.0863,11.706,0
36,2019,10.2708,0,,0,14.1887,11.7429,0
37,2000,9.6398,0,2007.0,2007,13.4801,10.5709,1
37,2001,9.5849,0,2007.0,2007,13.5169,10.5906,1
37,2002,9.5804,0,2007.0,2007,13.5752,10.5229,1
37,2003,9.5863,0,2007.0,2007,13.4752,10.5032,1
37,2004,9.5577,0,2007.0,2007,13.5807,10.6116,1
37,2005,9.6369,0,2007.0,2007,13.5026,10.6082,1
37,2006,9.6927,0,2007.0,2007,13.5603,10.644,1
37,2007,9.7495,1,2007.0,2007,13.607,10.631,1
37,2008,9.7445,1,2007.0,2007,13.706,10.6657,1
37,2009,9.6246,1,2007.0,2007,13.5689,10.6607,1
37,2010,9.6974,1,2007.0,2007,13.5854,10.6415,1
37,2011,9.7709,1,2007.0,2007,13.673,10.6779,1
37,2012,9.8116,1,2007.0,2007,13.716,10.7491,1
37,2013,9.9616,1,2007.0,2007,13.6981,10.6835,1
37,2014,9.9087,1,2007.0,2007,13.5881,10.7656,1
37,2015,10.0602,1,2007.0,2007,13.6891,10.7263,1
37,2016,9.9475,1,2007.0,2007,13.7056,10.7606,1
37,2017,9.892,1,2007.0,2007,13.7372,10.7471,1
37,2018,10.1264,1,2007.0,2007,13.7186,10.7487,1
37,2019,10.0413,1,2007.0,2007,13.6981,10.7594,1
38,2000,9.9933,0,2004.0,2004,13.3926,10.6153,1
38,2001,10.0854,0,2004.0,2004,13.3086,10.5799,1
38,2002,10.1458,0,2004.0,2004,13.4369,10.6726,1
38,2003,9.9782,0,2004.0,2004,13.3575,10.6473,1
38,2004,10.1962,1,2004.0,2004,13.371,10.6964,1
38,2005,10.3082,1,2004.0,2004,13.3532,10.7294,1
38,2006,10.244,1,2004.0,2004,13.3604,10.69,1
38,2007,10.4158,1,2004.0,2004,13.4693,10.7557,1
38,2008,10.4863,1,2004.0,2004,13.3753,10.7369,1
38,2009,10.6006,1,2004.0,2004,13.3807,10.8009,1
38,2010,10.4736,1,2004.0,2004,13.43,10.8086,1
38,2011,10.382,1,2004.0,2004,13.3837,10.7199,1
38,2012,10.5972,1,2004.0,2004,13.4519,10.8276,1
38,2013,10.5272,1,2004.0,2004,13.4916,10.8763,1
38,2014,10.6955,1,2004.0,2004,13.4519,10.8733,1
38,2015,10.8376,1,2004.0,2004,13.5597,10.808,1
38,2016,10.6483,1,2004.0,2004,13.5473,10.9414,1
38,2017,10.804,1,2004.0,2004,13.4837,10.914,1
38,2018,10.7321,1,2004.0,2004,13.599,10.9279,1
38,2019,10.8589,1,2004.0,2004,13.4982,10.9651,1
39,2000,9.5256,0,2013.0,2013,13.525,10.7489,1
39,2001,9.3339,0,2013.0,2013,13.4919,10.8525,1
39,2002,9.6639,0,2013.0,2013,13.5751,10.8974,1
39,2003,9.5124,0,2013.0,2013,13.4925,10.9172,1
39,2004,9.3301,0,2013.0,2013,13.6079,10.8606,1
39,2005,9.5916,0,2013.0,2013,13.626,10.9168,1
39,2006,9.4395,0,2013.0,2013,13.6243,10.9258,1
39,2007,9.5331,0,2013.0,2013,13.6752,10.9923,1
39,2008,9.7227,0,2013.0,2013,13.5806,10.9968,1
39,2009,9.6305,0,2013.0,2013,13.592,10.9498,1
39,2010,9.6695,0,2013.0,2013,13.6351,10.945,1
39,2011,9.6483,0,2013.0,2013,13.6101,11.0491,1
39,2012,9.6193,0,2013.0,2013,13.6699,11.0321,1
39,2013,9.7732,1,2013.0,2013,13.5683,11.06,1
39,2014,9.6775,1,2013.0,2013,13.6694,11.0314,1
39,2015,9.7947,1,2013.0,2013,13.7668,10.9554,1
39,2016,9.729,1,2013.0,2013,13.6455,11.0269,1
39,2017,9.7319,1,2013.0,2013,13.6582,11.1304,1
39,2018,9.9361,1,2013.0,2013,13.7367,11.0589,1
39,2019,9.8933,1,2013.0,2013,13.7625,11.1294,1
40,2000,10.5486,0,2010.0,2010,12.4471,10.6669,1
40,2001,10.5284,0,2010.0,2010,12.4981,10.6806,1
40,2002,10.5597,0,2010.0,2010,12.5823,10.7718,1
40,2003,10.7082,0,2010.0,2010,12.4588,10.7043,1
40,2004,10.713,0,2010.0,2010,12.5461,10.6854,1
40,2005,10.7658,0,2010.0,2010,12.6019,10.6621,1
40,2006,10.6688,0,2010.0,2010,12.6362,10.6853,1
40,2007,10.7228,0,2010.0,2010,12.6014,10.8258,1
40,2008,10.8591,0,2010.0,2010,12.5349,10.8182,1
40,2009,10.7707,0,2010.0,2010,12.582,10.8476,1
40,2010,10.8428,1,2010.0,2010,12.5802,10.7853,1
40,2011,10.6913,1,2010.0,2010,12.5865,10.8073,1
40,2012,10.734,1,2010.0,2010,12.6491,10.7898,1
40,2013,11.0661,1,2010.0,2010,12.5465,10.7897,1
40,2014,10.9746,1,2010.0,2010,12.6199,10.8661,1
40,2015,11.1617,1,2010.0,2010,12.6523,10.8261,1
40,2016,10.9373,1,2010.0,2010,12.5821,10.848,1
40,2017,11.1906,1,2010.0,2010,12.7015,10.8748,1
40,2018,11.0611,1,2010.0,2010,12.6968,10.96,1
40,2019,11.1444,1,2010.0,2010,12.6554,10.9371,1
41,2000,9.7427,0,2004.0,2004,13.3113,10.3027,1
41,2001,9.8995,0,2004.0,2004,13.4988,10.2944,1
41,2002,9.8457,0,2004.0,2004,13.5237,10.3486,1
41,2003,9.6164,0,2004.0,2004,13.4299,10.3758,1
41,2004,10.0596,1,2004.0,2004,13.4643,10.3998,1
41,2005,9.9145,1,2004.0,2004,13.4064,10.3937,1
41,2006,10.0157,1,2004.0,2004,13.4227,10.4189,1
41,2007,10.0049,1,2004.0,2004,13.3955,10.4185,1
41,2008,10.1139,1,2004.0,2004,13.4915,10.4715,1
41,2009,10.2023,1,2004.0,2004,13.4928,10.5252,1
41,2010,10.1489,1,2004.0,2004,13.5135,10.5387,1
41,2011,10.0966,1,2004.0,2004,13.6138,10.5354,1
41,2012,10.182,1,2004.0,2004,13.4457,10.5265,1
41,2013,10.1919,1,2004.0,2004,13.5272,10.5933,1
41,2014,10.2694,1,2004.0,2004,13.5246,10.5126,1
41,2015,10.3039,1,2004.0,2004,13.5163,10.5096,1
41,2016,10.3839,1,2004.0,2004,13.4037,10.6569,1
41,2017,10.619,1,2004.0,2004,13.5611,10.5429,1
41,2018,10.3708,1,2004.0,2004,13.578,10.6457,1
41,2019,10.4887,1,2004.0,2004,13.5596,10.6251,1
42,2000,9.0733,0,2010.0,2010,13.674,10.8173,1
42,2001,9.0282,0,2010.0,2010,13.6527,10.7842,1
42,2002,8.9828,0,2010.0,2010,13.7562,10.906,1
42,2003,9.1557,0,2010.0,2010,13.6905,10.863,1
42,2004,9.0908,0,2010.0,2010,13.7951,10.9072,1
42,2005,9.2242,0,2010.0,2010,13.7122,10.887,1
42,2006,9.2896,0,2010.0,2010,13.7641,10.988,1
42,2007,9.2706,0,2010.0,2010,13.7394,10.9113,1
42,2008,9.1973,0,2010.0,2010,13.7608,10.9426,1
42,2009,9.3045,0,2010.0,2010,13.7847,10.9531,1
42,2010,9.2916,1,2010.0,2010,13.8396,10.9355,1
42,2011,9.4472,1,2010.0,2010,13.8103,11.0046,1
42,2012,9.2717,1,2010.0,2010,13.8625,10.9119,1
42,2013,9.3876,1,2010.0,2010,13.7603,11.0807,1
42,2014,9.4044,1,2010.0,2010,13.8087,11.1133,1
42,2015,9.4559,1,2010.0,2010,13.9034,11.1199,1
42,2016,9.5377,1,2010.0,2010,13.9433,11.1243,1
42,2017,9.7438,1,2010.0,2010,13.8461,11.0692,1
42,2018,9.7057,1,2010.0,2010,13.9025,11.0475,1
42,2019,9.66,1,2010.0,2010,13.9029,11.1642,1
43,2000,9.2795,0,2004.0,2004,14.2124,10.4186,1
43,2001,9.1143,0,2004.0,2004,14.1569,10.495,1
43,2002,9.0558,0,2004.0,2004,14.2533,10.4593,1
43,2003,9.1549,0,2004.0,2004,14.1595,10.5741,1
43,2004,9.2985,1,2004.0,2004,14.2904,10.5843,1
43,2005,9.2846,1,2004.0,2004,14.2741,10.6088,1
43,2006,9.2359,1,2004.0,2004,14.2354,10.5828,1
43,2007,9.4936,1,2004.0,2004,14.2682,10.5437,1
43,2008,9.2836,1,2004.0,2004,14.415,10.5524,1
43,2009,9.4197,1,2004.0,2004,14.2942,10.5796,1
43,2010,9.3954,1,2004.0,2004,14.3924,10.6555,1
43,2011,9.5697,1,2004.0,2004,14.4119,10.6922,1
43,2012,9.4756,1,2004.0,2004,14.3758,10.6522,1
43,2013,9.543,1,2004.0,2004,14.4714,10.6763,1
43,2014,9.5714,1,2004.0,2004,14.34,10.7346,1
43,2015,9.7007,1,2004.0,2004,14.3906,10.7108,1
43,2016,9.6712,1,2004.0,2004,14.4336,10.7507,1
43,2017,9.7553,1,2004.0,2004,14.4687,10.7721,1
43,2018,9.7578,1,2004.0,2004,14.32,10.7532,1
43,2019,9.7552,1,2004.0,2004,14.3872,10.7969,1
44,2000,9.7478,0,,0,13.2707,10.9167,0
44,2001,9.7358,0,,0,13.2719,10.9678,0
44,2002,9.7084,0,,0,13.2547,10.9904,0
44,2003,9.6476,0,,0,13.2214,10.9857,0
44,2004,9.7542,0,,0,13.2938,11.0106,0
44,2005,9.7358,0,,0,13.3113,11.0391,0
44,2006,9.6462,0,,0,13.3083,11.0466,0
44,2007,9.7675,0,,0,13.3189,11.1356,0
44,2008,9.7762,0,,0,13.3395,11.0746,0
44,2009,9.8972,0,,0,13.3674,11.1007,0
44,2010,9.9357,0,,0,13.3923,11.127,0
44,2011,9.9024,0,,0,13.3476,11.11,0
44,2012,9.8791,0,,0,13.4205,11.1187,0
44,2013,9.897,0,,0,13.3798,11.1862,0
44,2014,9.9864,0,,0,13.5051,11.1627,0
44,2015,10.1019,0,,0,13.4175,11.2007,0
44,2016,10.0282,0,,0,13.4445,11.1695,0
44,2017,10.1705,0,,0,13.4575,11.1882,0
44,2018,10.0748,0,,0,13.375,11.1786,0
44,2019,10.0846,0,,0,13.4046,11.2812,0
45,2000,9.2456,0,2007.0,2007,13.024,10.4715,1
45,2001,9.6801,0,2007.0,2007,13.1564,10.5328,1
45,2002,9.6068,0,2007.0,2007,13.1067,10.5499,1
45,2003,9.5048,0,2007.0,2007,13.0439,10.4977,1
45,2004,9.2813,0,2007.0,2007,13.1606,10.627,1
45,2005,9.4819,0,2007.0,2007,13.1887,10.566,1
45,2006,9.5087,0,2007.0,2007,13.1954,10.6093,1
45,2007,9.628,1,2007.0,2007,13.1472,10.5753,1
45,2008,9.6012,1,2007.0,2007,13.1918,10.6509,1
45,2009,9.5813,1,2007.0,2007,13.0769,10.6663,1
45,2010,9.6948,1,2007.0,2007,13.1665,10.6873,1
45,2011,9.906,1,2007.0,2007,13.1711,10.6104,1
45,2012,9.7812,1,2007.0,2007,13.2296,10.7033,1
45,2013,9.8165,1,2007.0,2007,13.1851,10.7521,1
45,2014,9.8147,1,2007.0,2007,13.187,10.7863,1
45,2015,9.8042,1,2007.0,2007,13.2958,10.7293,1
45,2016,9.7807,1,2007.0,2007,13.1672,10.783,1
45,2017,9.9215,1,2007.0,2007,13.162,10.7757,1
45,2018,9.9509,1,2007.0,2007,13.2236,10.7473,1
45,2019,10.1285,1,2007.0,2007,13.3016,10.7738,1
46,2000,9.7715,0,2013.0,2013,13.2784,11.2485,1
46,2001,9.8193,0,2013.0,2013,13.2595,11.267,1
46,2002,9.6698,0,2013.0,2013,13.2195,11.2543,1
46,2003,9.8688,0,2013.0,2013,13.2183,11.3164,1
46,2004,9.9436,0,2013.0,2013,13.2909,11.2462,1
46,2005,9.8763,0,2013.0,2013,13.2494,11.3568,1
46,2006,9.888,0,2013.0,2013,13.2459,11.2833,1
46,2007,9.9391,0,2013.0,2013,13.2992,11.3226,1
46,2008,10.0259,0,2013.0,2013,13.3269,11.3923,1
46,2009,10.0277,0,2013.0,2013,13.2803,11.4195,1
46,2010,9.8925,0,2013.0,2013,13.339,11.3938,1
46,2011,10.0607,0,2013.0,2013,13.3106,11.4141,1
46,2012,9.9565,0,2013.0,2013,13.3207,11.4326,1
46,2013,10.174,1,2013.0,2013,13.4281,11.4051,1
46,2014,9.9869,1,2013.0,2013,13.4437,11.4565,1
46,2015,10.0709,1,2013.0,2013,13.3729,11.5097,1
46,2016,10.182,1,2013.0,2013,13.3908,11.4989,1
46,2017,10.1194,1,2013.0,2013,13.3829,11.5122,1
46,2018,10.1549,1,2013.0,2013,13.4288,11.5264,1
46,2019,10.3321,1,2013.0,2013,13.4551,11.6161,1
47,2000,9.5492,0,2007.0,2007,13.8882,10.5713,1
47,2001,9.7477,0,2007.0,2007,13.9307,10.6277,1
47,2002,9.7494,0,2007.0,2007,13.9011,10.5872,1
47,2003,9.7909,0,2007.0,2007,13.8955,10.5744,1
47,2004,9.8401,0,2007.0,2007,13.8879,10.6185,1
47,2005,9.6207,0,2007.0,2007,14.0423,10.6633,1
47,2006,9.894,0,2007.0,2007,13.998,10.6951,1
47,2007,9.8578,1,2007.0,2007,14.0492,10.6852,1
47,2008,9.9208,1,2007.0,2007,14.1212,10.6473,1
47,2009,9.9021,1,2007.0,2007,14.114,10.6438,1
47,2010,9.9369,1,2007.0,2007,13.9869,10.7238,1
47,2011,10.0614,1,2007.0,2007,13.9928,10.7264,1
47,2012,10.1093,1,2007.0,2007,14.1252,10.7426,1
47,2013,10.0571,1,2007.0,2007,14.0704,10.6956,1
47,2014,10.1145,1,2007.0,2007,14.1457,10.7935,1
47,2015,10.2379,1,2007.0,2007,14.1413,10.8511,1
47,2016,10.1127,1,2007.0,2007,14.1207,10.8206,1
47,2017,10.3353,1,2007.0,2007,14.1102,10.7891,1
47,2018,10.3291,1,2007.0,2007,14.1079,10.7394,1
47,2019,10.1914,1,2007.0,2007,14.1746,10.8672,1
48,2000,9.5602,0,2010.0,2010,13.6901,10.67,1
48,2001,9.4698,0,2010.0,2010,13.6453,10.6939,1
48,2002,9.6475,0,2010.0,2010,13.7402,10.7408,1
48,2003,9.5478,0,2010.0,2010,13.6968,10.7791,1
48,2004,9.6944,0,2010.0,2010,13.7199,10.6878,1
48,2005,9.5848,0,2010.0,2010,13.6945,10.7343,1
48,2006,9.7168,0,2010.0,2010,13.7422,10.801,1
48,2007,9.7694,0,2010.0,2010,13.7628,10.7664,1
48,2008,9.4692,0,2010.0,2010,13.902,10.7784,1
48,2009,9.6274,0,2010.0,2010,13.782,10.8165,1
48,2010,9.7314,1,2010.0,2010,13.6799,10.8345,1
48,2011,9.6757,1,2010.0,2010,13.6711,10.8695,1
48,2012,9.7551,1,2010.0,2010,13.8665,10.8978,1
48,2013,9.8269,1,2010.0,2010,13.7953,10.9173,1
48,2014,9.8798,1,2010.0,2010,13.6692,10.8882,1
48,2015,9.8671,1,2010.0,2010,13.8155,10.8722,1
48,2016,9.9489,1,2010.0,2010,13.8204,10.9202,1
48,2017,9.8644,1,2010.0,2010,13.8085,10.9549,1
48,2018,9.9278,1,2010.0,2010,13.7518,11.0047,1
48,2019,10.095,1,2010.0,2010,13.8153,10.978,1
49,2000,8.9111,0,2010.0,2010,13.2782,10.9874,1
49,2001,9.1739,0,2010.0,2010,13.2047,11.0973,1
49,2002,9.2666,0,2010.0,2010,13.254,11.0465,1
49,2003,9.2067,0,2010.0,2010,13.1843,11.101,1
49,2004,9.2707,0,2010.0,2010,13.3102,11.2166,1
49,2005,9.2861,0,2010.0,2010,13.2482,11.1263,1
49,2006,9.3464,0,2010.0,2010,13.2441,11.1423,1
49,2007,9.3386,0,2010.0,2010,13.3532,11.1396,1
49,2008,9.2508,0,2010.0,2010,13.2676,11.1768,1
49,2009,9.4018,0,2010.0,2010,13.3346,11.1909,1
49,2010,9.3589,1,2010.0,2010,13.3637,11.1659,1
49,2011,9.2654,1,2010.0,2010,13.3228,11.2136,1
49,2012,9.4221,1,2010.0,2010,13.3357,11.2118,1
49,2013,9.5056,1,2010.0,2010,13.4491,11.1626,1
49,2014,9.5211,1,2010.0,2010,13.4181,11.2572,1
49,2015,9.5767,1,2010.0,2010,13.3302,11.3259,1
49,2016,9.558,1,2010.0,2010,13.4569,11.2428,1
49,2017,9.533,1,2010.0,2010,13.3985,11.3019,1
49,2018,9.6755,1,2010.0,2010,13.4827,11.3495,1
49,2019,9.7038,1,2010.0,2010,13.4104,11.3833,1
50,2000,8.8028,0,2004.0,2004,13.8139,10.3996,1
50,2001,8.758,0,2004.0,2004,13.8481,10.4308,1
50,2002,8.9109,0,2004.0,2004,13.7539,10.4191,1
50,2003,8.8726,0,2004.0,2004,13.8345,10.484,1
50,2004,9.1619,1,2004.0,2004,13.7526,10.5627,1
50,2005,9.2082,1,2004.0,2004,13.7945,10.5058,1
50,2006,9.152,1,2004.0,2004,13.8111,10.5052,1
50,2007,9.3105,1,2004.0,2004,13.8712,10.5359,1
50,2008,8.9672,1,2004.0,2004,13.8557,10.5632,1
50,2009,9.2582,1,2004.0,2004,13.8661,10.5619,1
50,2010,9.232,1,2004.0,2004,13.8536,10.6259,1
50,2011,9.3034,1,2004.0,2004,13.9161,10.5871,1
50,2012,9.4107,1,2004.0,2004,13.8441,10.6141,1
50,2013,9.4679,1,2004.0,2004,13.8732,10.5523,1
50,2014,9.4168,1,2004.0,2004,13.8818,10.6309,1
50,2015,9.4081,1,2004.0,2004,13.8295,10.6493,1
50,2016,9.5604,1,2004.0,2004,13.9079,10.6904,1
50,2017,9.5419,1,2004.0,2004,14.0173,10.672,1
50,2018,9.6372,1,2004.0,2004,13.8943,10.6773,1
50,2019,9.6457,1,2004.0,2004,14.0641,10.6871,1
